{
	"info": {
		"_postman_id": "e2617146-ab66-4b90-9ba7-6e0082300671",
		"name": "vendor_panel",
		"schema": "https://schema.getpostman.com/json/collection/v2.1.0/collection.json",
		"_exporter_id": "30522640"
	},
	"item": [
		{
			"name": "tech",
			"item": [
				{
					"name": "add_tech",
					"request": {
						"method": "POST",
						"header": [],
						"body": {
							"mode": "raw",
							"raw": "{\r\n    \"name\" : \"Node js\",\r\n    \"stauts\" : \"false\"\r\n}",
							"options": {
								"raw": {
									"language": "json"
								}
							}
						},
						"url": {
							"raw": "http://localhost:3000/technology/add-technology",
							"protocol": "http",
							"host": [
								"localhost"
							],
							"port": "3000",
							"path": [
								"technology",
								"add-technology"
							]
						}
					},
					"response": []
				},
				{
					"name": "getAll",
					"request": {
						"method": "GET",
						"header": []
					},
					"response": []
				},
				{
					"name": "get-by-id-tech",
					"request": {
						"method": "GET",
						"header": []
					},
					"response": []
				},
				{
					"name": "edit-tech",
					"request": {
						"method": "PUT",
						"header": [],
						"body": {
							"mode": "raw",
							"raw": "{\r\n    \"name\": \"Node\",\r\n    \"status\" : \"true\"\r\n}",
							"options": {
								"raw": {
									"language": "json"
								}
							}
						},
						"url": {
							"raw": "http://localhost:3000/technology/edit-technology/65a64b920ad7792a1dcd349c",
							"protocol": "http",
							"host": [
								"localhost"
							],
							"port": "3000",
							"path": [
								"technology",
								"edit-technology",
								"65a64b920ad7792a1dcd349c"
							]
						}
					},
					"response": []
				},
				{
					"name": "delete",
					"request": {
						"method": "GET",
						"header": []
					},
					"response": []
				}
			]
		},
		{
			"name": "devloper",
			"item": [
				{
					"name": "add_dev",
					"request": {
						"method": "POST",
						"header": [],
						"body": {
							"mode": "raw",
							"raw": "{\r\n  \"dev_name\": \"John Doe\",\r\n  \"experience\": 3,\r\n  \"technology\": [\"Node.js\", \"React\"],\r\n  \"resume\": \"https://example.com/johndoe-resume.pdf\",\r\n  \"available\": true,\r\n  \"rate\": 50\r\n}\r\n",
							"options": {
								"raw": {
									"language": "json"
								}
							}
						},
						"url": {
							"raw": "http://localhost:3000/technology/get-technology",
							"protocol": "http",
							"host": [
								"localhost"
							],
							"port": "3000",
							"path": [
								"technology",
								"get-technology"
							]
						}
					},
					"response": []
				},
				{
					"name": "get-dev-by-id",
					"request": {
						"method": "GET",
						"header": []
					},
					"response": []
				},
				{
					"name": "get all",
					"request": {
						"method": "GET",
						"header": []
					},
					"response": []
				},
				{
					"name": "update-dev",
					"request": {
						"method": "GET",
						"header": []
					},
					"response": []
				},
				{
					"name": "delete_dev",
					"request": {
						"method": "GET",
						"header": []
					},
					"response": []
				},
				{
					"name": "view-by-vendor",
					"request": {
						"method": "GET",
						"header": []
					},
					"response": []
				}
			]
		},
		{
			"name": "vendor",
			"item": [
				{
					"name": "request-otp",
					"request": {
						"method": "GET",
						"header": []
					},
					"response": []
				},
				{
					"name": "otp_verification",
					"request": {
						"method": "GET",
						"header": []
					},
					"response": []
				},
				{
					"name": "set_psw",
					"request": {
						"method": "GET",
						"header": []
					},
					"response": []
				},
				{
					"name": "reset-psw",
					"request": {
						"method": "GET",
						"header": []
					},
					"response": []
				},
				{
					"name": "loginVendor",
					"request": {
						"method": "GET",
						"header": []
					},
					"response": []
				},
				{
					"name": "profile_edit",
					"request": {
						"method": "GET",
						"header": []
					},
					"response": []
				},
				{
					"name": "getallvendor",
					"request": {
						"method": "GET",
						"header": []
					},
					"response": []
				},
				{
					"name": "g",
					"request": {
						"method": "GET",
						"header": []
					},
					"response": []
				},
				{
					"name": "get-Vendors-by-id",
					"request": {
						"method": "GET",
						"header": []
					},
					"response": []
				}
			]
		},
		{
			"name": "admin-login",
			"request": {
				"method": "POST",
				"header": [],
				"body": {
					"mode": "raw",
					"raw": "{\r\n  \"email\": \"admin@example.com\",\r\n  \"password\": \"admin123\"\r\n}\r\n",
					"options": {
						"raw": {
							"language": "json"
						}
					}
				},
				"url": {
					"raw": "localhost:3000/admin/login",
					"host": [
						"localhost"
					],
					"port": "3000",
					"path": [
						"admin",
						"login"
					]
				}
			},
			"response": []
		},
		{
			"name": "filter-vendor",
			"request": {
				"method": "GET",
				"header": []
			},
			"response": []
		},
		{
			"name": "filter-devloper",
			"request": {
				"method": "GET",
				"header": []
			},
			"response": []
		},
		{
			"name": "searchData",
			"request": {
				"auth": {
					"type": "bearer",
					"bearer": [
						{
							"key": "token",
							"value": "eyJhbGciOiJIUzI1NiIsInR5cCI6IkpXVCJ9.eyJhZG1pbklkIjoiNjVhN2JjNzk4ZGUzMzA5ZGI0ZDI5NGYyIiwiZW1haWwiOiJhZG1pbkBleGFtcGxlLmNvbSIsImlhdCI6MTcwNTQ5MTU3N30.NfbAwJOaZY9J20ErHqc5ErVMGdAB9KF6ZShAYULtUpA",
							"type": "string"
						}
					]
				},
				"method": "GET",
				"header": [],
				"url": {
					"raw": "localhost:3000/admin/search-data?searchTerm=Kurm I",
					"host": [
						"localhost"
					],
					"port": "3000",
					"path": [
						"admin",
						"search-data"
					],
					"query": [
						{
							"key": "searchTerm",
							"value": "Kurm I"
						}
					]
				}
			},
			"response": []
		}
	]
}